BarChartType,ModelName,SamplingTarget,SamplingMethod,DownSamplingLevel,RunIndex,MeanError
1,VGG19,Ratio,IID,2,0,0.009961817999999997
1,VGG19,Ratio,IID,2,1,0.014232781
1,VGG19,Ratio,IID,2,2,0.0106831025
1,VGG19,Ratio,IID,2,3,0.010291013500000001
1,VGG19,Ratio,IID,2,4,0.008646160500000001
1,VGG19,Ratio,IID,4,0,0.012583740999999999
1,VGG19,Ratio,IID,4,1,0.008581169
1,VGG19,Ratio,IID,4,2,0.014090731500000002
1,VGG19,Ratio,IID,4,3,0.0115719425
1,VGG19,Ratio,IID,4,4,0.010779228000000002
1,VGG19,Ratio,IID,8,0,0.010844472999999999
1,VGG19,Ratio,IID,8,1,0.029303880999999997
1,VGG19,Ratio,IID,8,2,0.016822223499999997
1,VGG19,Ratio,IID,8,3,0.03504113
1,VGG19,Ratio,IID,8,4,0.014341842
1,VGG19,Ratio,IID,16,0,0.1316157165
1,VGG19,Ratio,IID,16,1,0.15882723599999998
1,VGG19,Ratio,IID,16,2,0.2087667415
1,VGG19,Ratio,IID,16,3,0.156216466
1,VGG19,Ratio,IID,16,4,0.061539924999999995
1,VGG19,Ratio,COV,2,0,0.009205492999999999
1,VGG19,Ratio,COV,2,1,0.016158444
1,VGG19,Ratio,COV,2,2,0.010269731500000002
1,VGG19,Ratio,COV,2,3,0.0076259125
1,VGG19,Ratio,COV,2,4,0.008737625
1,VGG19,Ratio,COV,4,0,0.009343982999999998
1,VGG19,Ratio,COV,4,1,0.010689914
1,VGG19,Ratio,COV,4,2,0.0095040285
1,VGG19,Ratio,COV,4,3,0.010284103000000001
1,VGG19,Ratio,COV,4,4,0.013113048500000002
1,VGG19,Ratio,COV,8,0,0.0129060015
1,VGG19,Ratio,COV,8,1,0.0123445575
1,VGG19,Ratio,COV,8,2,0.012242904499999999
1,VGG19,Ratio,COV,8,3,0.009791145999999999
1,VGG19,Ratio,COV,8,4,0.011698819000000001
1,VGG19,Ratio,COV,16,0,0.0663525965
1,VGG19,Ratio,COV,16,1,0.056986205500000005
1,VGG19,Ratio,COV,16,2,0.0884099795
1,VGG19,Ratio,COV,16,3,0.070008072
1,VGG19,Ratio,COV,16,4,0.078410806
1,VGG19,Ratio,ADV,2,0,0.013617287499999998
1,VGG19,Ratio,ADV,2,1,0.009474348499999998
1,VGG19,Ratio,ADV,2,2,0.011256467499999999
1,VGG19,Ratio,ADV,2,3,0.013659871999999998
1,VGG19,Ratio,ADV,2,4,0.0151372545
1,VGG19,Ratio,ADV,4,0,0.14185638099999998
1,VGG19,Ratio,ADV,4,1,0.013093332000000001
1,VGG19,Ratio,ADV,4,2,0.061799807
1,VGG19,Ratio,ADV,4,3,0.0361781875
1,VGG19,Ratio,ADV,4,4,0.014902169500000003
1,VGG19,Ratio,ADV,8,0,0.14725674
1,VGG19,Ratio,ADV,8,1,0.05613056
1,VGG19,Ratio,ADV,8,2,0.08117941949999999
1,VGG19,Ratio,ADV,8,3,0.149186595
1,VGG19,Ratio,ADV,8,4,0.124324665
1,VGG19,Ratio,ADV,16,0,0.5291987140000001
1,VGG19,Ratio,ADV,16,1,0.1761448745
1,VGG19,Ratio,ADV,16,2,0.1187769305
1,VGG19,Ratio,ADV,16,3,0.374966929
1,VGG19,Ratio,ADV,16,4,0.1728078385
1,VGG19,Ratio,OOD,2,0,0.031948950500000003
1,VGG19,Ratio,OOD,2,1,0.059959348999999995
1,VGG19,Ratio,OOD,2,2,0.0510852315
1,VGG19,Ratio,OOD,2,3,0.05427450200000001
1,VGG19,Ratio,OOD,2,4,0.102985615
1,VGG19,Ratio,OOD,4,0,0.126078494
1,VGG19,Ratio,OOD,4,1,0.22369352650000002
1,VGG19,Ratio,OOD,4,2,0.17635088200000001
1,VGG19,Ratio,OOD,4,3,0.2182764385
1,VGG19,Ratio,OOD,4,4,0.3227014815
1,VGG19,Ratio,OOD,8,0,0.24907009800000002
1,VGG19,Ratio,OOD,8,1,0.317896998
1,VGG19,Ratio,OOD,8,2,0.305430329
1,VGG19,Ratio,OOD,8,3,0.322245756
1,VGG19,Ratio,OOD,8,4,0.414267111
1,VGG19,Ratio,OOD,16,0,0.301407869
1,VGG19,Ratio,OOD,16,1,0.3850018945
1,VGG19,Ratio,OOD,16,2,0.3707062075
1,VGG19,Ratio,OOD,16,3,0.374903035
1,VGG19,Ratio,OOD,16,4,0.496230207
1,VGG19,Height,IID,2,0,0.0084434865
1,VGG19,Height,IID,2,1,0.015456230500000001
1,VGG19,Height,IID,2,2,0.056214780500000006
1,VGG19,Height,IID,2,3,0.010147850999999998
1,VGG19,Height,IID,2,4,0.010404950999999999
1,VGG19,Height,IID,4,0,0.011734442500000001
1,VGG19,Height,IID,4,1,0.09149334249999999
1,VGG19,Height,IID,4,2,0.052896201
1,VGG19,Height,IID,4,3,0.0203981875
1,VGG19,Height,IID,4,4,0.0174026965
1,VGG19,Height,IID,8,0,0.015336274
1,VGG19,Height,IID,8,1,0.0850447485
1,VGG19,Height,IID,8,2,0.121322191
1,VGG19,Height,IID,8,3,0.02543283
1,VGG19,Height,IID,8,4,0.028096
1,VGG19,Height,IID,16,0,0.046757345
1,VGG19,Height,IID,16,1,0.0617631265
1,VGG19,Height,IID,16,2,0.125934083
1,VGG19,Height,IID,16,3,0.077684297
1,VGG19,Height,IID,16,4,0.0551105265
1,VGG19,Height,COV,2,0,0.010754911
1,VGG19,Height,COV,2,1,0.011509740499999999
1,VGG19,Height,COV,2,2,0.014112363499999997
1,VGG19,Height,COV,2,3,0.010878620999999998
1,VGG19,Height,COV,2,4,0.011093973
1,VGG19,Height,COV,4,0,0.011765270500000001
1,VGG19,Height,COV,4,1,0.013025633500000001
1,VGG19,Height,COV,4,2,0.017597342499999998
1,VGG19,Height,COV,4,3,0.015813986499999995
1,VGG19,Height,COV,4,4,0.015609717
1,VGG19,Height,COV,8,0,0.026323754
1,VGG19,Height,COV,8,1,0.034353335500000005
1,VGG19,Height,COV,8,2,0.030359193
1,VGG19,Height,COV,8,3,0.026526746999999993
1,VGG19,Height,COV,8,4,0.019237401999999997
1,VGG19,Height,COV,16,0,0.0427102085
1,VGG19,Height,COV,16,1,0.045254881000000004
1,VGG19,Height,COV,16,2,0.042462024
1,VGG19,Height,COV,16,3,0.055540952500000004
1,VGG19,Height,COV,16,4,0.0436364575
1,VGG19,Height,ADV,2,0,0.018454948
1,VGG19,Height,ADV,2,1,0.0238761975
1,VGG19,Height,ADV,2,2,0.0899827515
1,VGG19,Height,ADV,2,3,0.016688860999999996
1,VGG19,Height,ADV,2,4,0.013572583999999997
1,VGG19,Height,ADV,4,0,0.02741893
1,VGG19,Height,ADV,4,1,0.0860971705
1,VGG19,Height,ADV,4,2,0.10419022850000001
1,VGG19,Height,ADV,4,3,0.0401940805
1,VGG19,Height,ADV,4,4,0.051011074000000003
1,VGG19,Height,ADV,8,0,0.0633736085
1,VGG19,Height,ADV,8,1,0.229154423
1,VGG19,Height,ADV,8,2,0.2072246505
1,VGG19,Height,ADV,8,3,0.2830677325
1,VGG19,Height,ADV,8,4,0.075401097
1,VGG19,Height,ADV,16,0,0.075870101
1,VGG19,Height,ADV,16,1,0.253424208
1,VGG19,Height,ADV,16,2,0.129710365
1,VGG19,Height,ADV,16,3,0.29588825750000003
1,VGG19,Height,ADV,16,4,0.21950313849999997
1,VGG19,Height,OOD,2,0,0.040073435
1,VGG19,Height,OOD,2,1,0.06635286700000001
1,VGG19,Height,OOD,2,2,0.038864851
1,VGG19,Height,OOD,2,3,0.032855568
1,VGG19,Height,OOD,2,4,0.08598339599999999
1,VGG19,Height,OOD,4,0,0.120164139
1,VGG19,Height,OOD,4,1,0.131100251
1,VGG19,Height,OOD,4,2,0.0666034885
1,VGG19,Height,OOD,4,3,0.10611444549999999
1,VGG19,Height,OOD,4,4,0.16409749299999998
1,VGG19,Height,OOD,8,0,0.19376254799999998
1,VGG19,Height,OOD,8,1,0.194386856
1,VGG19,Height,OOD,8,2,0.1618029115
1,VGG19,Height,OOD,8,3,0.200595084
1,VGG19,Height,OOD,8,4,0.192836579
1,VGG19,Height,OOD,16,0,0.2202954835
1,VGG19,Height,OOD,16,1,0.204000508
1,VGG19,Height,OOD,16,2,0.17965664850000002
1,VGG19,Height,OOD,16,3,0.2643392365
1,VGG19,Height,OOD,16,4,0.249511389
1,ResNet50,Ratio,IID,2,0,0.0143956135
1,ResNet50,Ratio,IID,2,1,0.019454141
1,ResNet50,Ratio,IID,2,2,0.0161686165
1,ResNet50,Ratio,IID,2,3,0.0185167215
1,ResNet50,Ratio,IID,2,4,0.0155780315
1,ResNet50,Ratio,IID,4,0,0.021271190000000002
1,ResNet50,Ratio,IID,4,1,0.018892006
1,ResNet50,Ratio,IID,4,2,0.023986974
1,ResNet50,Ratio,IID,4,3,0.014807591
1,ResNet50,Ratio,IID,4,4,0.021398938
1,ResNet50,Ratio,IID,8,0,0.019154287
1,ResNet50,Ratio,IID,8,1,0.051935369
1,ResNet50,Ratio,IID,8,2,0.023267924500000002
1,ResNet50,Ratio,IID,8,3,0.0519321775
1,ResNet50,Ratio,IID,8,4,0.038916614499999995
1,ResNet50,Ratio,IID,16,0,0.1435210105
1,ResNet50,Ratio,IID,16,1,0.160646705
1,ResNet50,Ratio,IID,16,2,0.25171268399999996
1,ResNet50,Ratio,IID,16,3,0.174426324
1,ResNet50,Ratio,IID,16,4,0.0902443395
1,ResNet50,Ratio,COV,2,0,0.0157271885
1,ResNet50,Ratio,COV,2,1,0.015993919
1,ResNet50,Ratio,COV,2,2,0.0168839035
1,ResNet50,Ratio,COV,2,3,0.014828242
1,ResNet50,Ratio,COV,2,4,0.0199430545
1,ResNet50,Ratio,COV,4,0,0.021504583
1,ResNet50,Ratio,COV,4,1,0.018058671499999998
1,ResNet50,Ratio,COV,4,2,0.0181089415
1,ResNet50,Ratio,COV,4,3,0.020041990000000003
1,ResNet50,Ratio,COV,4,4,0.021244284500000002
1,ResNet50,Ratio,COV,8,0,0.0221664235
1,ResNet50,Ratio,COV,8,1,0.026889292
1,ResNet50,Ratio,COV,8,2,0.0212100685
1,ResNet50,Ratio,COV,8,3,0.017729164
1,ResNet50,Ratio,COV,8,4,0.030884974
1,ResNet50,Ratio,COV,16,0,0.0988279205
1,ResNet50,Ratio,COV,16,1,0.1365584635
1,ResNet50,Ratio,COV,16,2,0.12667082
1,ResNet50,Ratio,COV,16,3,0.1282983415
1,ResNet50,Ratio,COV,16,4,0.127544443
1,ResNet50,Ratio,ADV,2,0,0.017382024
1,ResNet50,Ratio,ADV,2,1,0.0184036245
1,ResNet50,Ratio,ADV,2,2,0.017573583
1,ResNet50,Ratio,ADV,2,3,0.0199606135
1,ResNet50,Ratio,ADV,2,4,0.023887445
1,ResNet50,Ratio,ADV,4,0,0.191876708
1,ResNet50,Ratio,ADV,4,1,0.038461782
1,ResNet50,Ratio,ADV,4,2,0.10920476949999999
1,ResNet50,Ratio,ADV,4,3,0.088407779
1,ResNet50,Ratio,ADV,4,4,0.035904977
1,ResNet50,Ratio,ADV,8,0,0.214872299
1,ResNet50,Ratio,ADV,8,1,0.119999855
1,ResNet50,Ratio,ADV,8,2,0.15749564700000002
1,ResNet50,Ratio,ADV,8,3,0.3364101945
1,ResNet50,Ratio,ADV,8,4,0.186337138
1,ResNet50,Ratio,ADV,16,0,0.5342961015
1,ResNet50,Ratio,ADV,16,1,0.190788595
1,ResNet50,Ratio,ADV,16,2,0.1923044105
1,ResNet50,Ratio,ADV,16,3,0.38693942000000003
1,ResNet50,Ratio,ADV,16,4,0.1942700445
1,ResNet50,Ratio,OOD,2,0,0.052068657
1,ResNet50,Ratio,OOD,2,1,0.09664123050000001
1,ResNet50,Ratio,OOD,2,2,0.078561895
1,ResNet50,Ratio,OOD,2,3,0.076661695
1,ResNet50,Ratio,OOD,2,4,0.1615858415
1,ResNet50,Ratio,OOD,4,0,0.154069648
1,ResNet50,Ratio,OOD,4,1,0.228490567
1,ResNet50,Ratio,OOD,4,2,0.1718417265
1,ResNet50,Ratio,OOD,4,3,0.21654910800000002
1,ResNet50,Ratio,OOD,4,4,0.3091983755
1,ResNet50,Ratio,OOD,8,0,0.24542873049999997
1,ResNet50,Ratio,OOD,8,1,0.3149956805
1,ResNet50,Ratio,OOD,8,2,0.297736897
1,ResNet50,Ratio,OOD,8,3,0.3176666205
1,ResNet50,Ratio,OOD,8,4,0.3947299095
1,ResNet50,Ratio,OOD,16,0,0.3064243045
1,ResNet50,Ratio,OOD,16,1,0.3838680815
1,ResNet50,Ratio,OOD,16,2,0.372445314
1,ResNet50,Ratio,OOD,16,3,0.388302134
1,ResNet50,Ratio,OOD,16,4,0.4955623595
1,ResNet50,Height,IID,2,0,0.018301730000000002
1,ResNet50,Height,IID,2,1,0.034326731
1,ResNet50,Height,IID,2,2,0.0647946355
1,ResNet50,Height,IID,2,3,0.021625221499999996
1,ResNet50,Height,IID,2,4,0.019170657
1,ResNet50,Height,IID,4,0,0.027038389
1,ResNet50,Height,IID,4,1,0.11241805649999999
1,ResNet50,Height,IID,4,2,0.06887215149999999
1,ResNet50,Height,IID,4,3,0.041014374
1,ResNet50,Height,IID,4,4,0.0477240335
1,ResNet50,Height,IID,8,0,0.052863919499999995
1,ResNet50,Height,IID,8,1,0.066923526
1,ResNet50,Height,IID,8,2,0.1129942675
1,ResNet50,Height,IID,8,3,0.0445308995
1,ResNet50,Height,IID,8,4,0.052221764
1,ResNet50,Height,IID,16,0,0.065053847
1,ResNet50,Height,IID,16,1,0.094343854
1,ResNet50,Height,IID,16,2,0.1418901415
1,ResNet50,Height,IID,16,3,0.1075206445
1,ResNet50,Height,IID,16,4,0.148436478
1,ResNet50,Height,COV,2,0,0.0253902775
1,ResNet50,Height,COV,2,1,0.022838582
1,ResNet50,Height,COV,2,2,0.026934434499999996
1,ResNet50,Height,COV,2,3,0.022271469500000002
1,ResNet50,Height,COV,2,4,0.020769753
1,ResNet50,Height,COV,4,0,0.0265267615
1,ResNet50,Height,COV,4,1,0.025056389
1,ResNet50,Height,COV,4,2,0.029061354
1,ResNet50,Height,COV,4,3,0.0284457155
1,ResNet50,Height,COV,4,4,0.028391003
1,ResNet50,Height,COV,8,0,0.043430186
1,ResNet50,Height,COV,8,1,0.048000996
1,ResNet50,Height,COV,8,2,0.0481923185
1,ResNet50,Height,COV,8,3,0.040008629
1,ResNet50,Height,COV,8,4,0.048857938999999996
1,ResNet50,Height,COV,16,0,0.0844341815
1,ResNet50,Height,COV,16,1,0.099060579
1,ResNet50,Height,COV,16,2,0.072530222
1,ResNet50,Height,COV,16,3,0.067183308
1,ResNet50,Height,COV,16,4,0.0968354095
1,ResNet50,Height,ADV,2,0,0.0381029265
1,ResNet50,Height,ADV,2,1,0.035399272
1,ResNet50,Height,ADV,2,2,0.09827671750000001
1,ResNet50,Height,ADV,2,3,0.028364288499999998
1,ResNet50,Height,ADV,2,4,0.0344656155
1,ResNet50,Height,ADV,4,0,0.049542955
1,ResNet50,Height,ADV,4,1,0.082209035
1,ResNet50,Height,ADV,4,2,0.09652882
1,ResNet50,Height,ADV,4,3,0.0590931865
1,ResNet50,Height,ADV,4,4,0.0736078785
1,ResNet50,Height,ADV,8,0,0.0896759685
1,ResNet50,Height,ADV,8,1,0.22231548750000002
1,ResNet50,Height,ADV,8,2,0.195879594
1,ResNet50,Height,ADV,8,3,0.2552140315
1,ResNet50,Height,ADV,8,4,0.10714216750000001
1,ResNet50,Height,ADV,16,0,0.0774647735
1,ResNet50,Height,ADV,16,1,0.23089544799999998
1,ResNet50,Height,ADV,16,2,0.23047376949999998
1,ResNet50,Height,ADV,16,3,0.233890287
1,ResNet50,Height,ADV,16,4,0.234950496
1,ResNet50,Height,OOD,2,0,0.0645998375
1,ResNet50,Height,OOD,2,1,0.08248663
1,ResNet50,Height,OOD,2,2,0.046003249499999996
1,ResNet50,Height,OOD,2,3,0.0484561335
1,ResNet50,Height,OOD,2,4,0.110917875
1,ResNet50,Height,OOD,4,0,0.141177717
1,ResNet50,Height,OOD,4,1,0.16187184899999998
1,ResNet50,Height,OOD,4,2,0.118148082
1,ResNet50,Height,OOD,4,3,0.12453510200000001
1,ResNet50,Height,OOD,4,4,0.18704436349999998
1,ResNet50,Height,OOD,8,0,0.18432190599999998
1,ResNet50,Height,OOD,8,1,0.1755536515
1,ResNet50,Height,OOD,8,2,0.157908455
1,ResNet50,Height,OOD,8,3,0.19808002449999998
1,ResNet50,Height,OOD,8,4,0.20456796400000002
1,ResNet50,Height,OOD,16,0,0.222886412
1,ResNet50,Height,OOD,16,1,0.243229945
1,ResNet50,Height,OOD,16,2,0.19070062000000002
1,ResNet50,Height,OOD,16,3,0.23221313799999999
1,ResNet50,Height,OOD,16,4,0.248811379
2,VGG19,Ratio,IID,2,0,0.0076976844999999995
2,VGG19,Ratio,IID,2,1,0.008971084499999999
2,VGG19,Ratio,IID,2,2,0.009570447
2,VGG19,Ratio,IID,2,3,0.011635575
2,VGG19,Ratio,IID,2,4,0.009122071499999999
2,VGG19,Ratio,IID,4,0,0.012243458
2,VGG19,Ratio,IID,4,1,0.010166027499999999
2,VGG19,Ratio,IID,4,2,0.0104206975
2,VGG19,Ratio,IID,4,3,0.0109927045
2,VGG19,Ratio,IID,4,4,0.010684231999999998
2,VGG19,Ratio,IID,8,0,0.0163315465
2,VGG19,Ratio,IID,8,1,0.0445225955
2,VGG19,Ratio,IID,8,2,0.012845423499999998
2,VGG19,Ratio,IID,8,3,0.015307859499999998
2,VGG19,Ratio,IID,8,4,0.017702353499999997
2,VGG19,Ratio,IID,16,0,0.11262816299999999
2,VGG19,Ratio,IID,16,1,0.1563574775
2,VGG19,Ratio,IID,16,2,0.168182683
2,VGG19,Ratio,IID,16,3,0.1476427425
2,VGG19,Ratio,IID,16,4,0.076810218
2,VGG19,Ratio,COV,2,0,0.0071482740000000005
2,VGG19,Ratio,COV,2,1,0.0110058875
2,VGG19,Ratio,COV,2,2,0.009476639499999998
2,VGG19,Ratio,COV,2,3,0.007557939000000001
2,VGG19,Ratio,COV,2,4,0.019063883500000003
2,VGG19,Ratio,COV,4,0,0.008159813999999998
2,VGG19,Ratio,COV,4,1,0.010013876
2,VGG19,Ratio,COV,4,2,0.012240135
2,VGG19,Ratio,COV,4,3,0.0077280445
2,VGG19,Ratio,COV,4,4,0.019093778500000002
2,VGG19,Ratio,COV,8,0,0.018748126
2,VGG19,Ratio,COV,8,1,0.014441619
2,VGG19,Ratio,COV,8,2,0.0145637025
2,VGG19,Ratio,COV,8,3,0.013846335000000001
2,VGG19,Ratio,COV,8,4,0.0168007645
2,VGG19,Ratio,COV,16,0,0.0823052785
2,VGG19,Ratio,COV,16,1,0.0925944835
2,VGG19,Ratio,COV,16,2,0.1025894745
2,VGG19,Ratio,COV,16,3,0.09233903
2,VGG19,Ratio,COV,16,4,0.107338373
2,VGG19,Ratio,ADV,2,0,0.0089261285
2,VGG19,Ratio,ADV,2,1,0.008974079499999999
2,VGG19,Ratio,ADV,2,2,0.009759351
2,VGG19,Ratio,ADV,2,3,0.0136182455
2,VGG19,Ratio,ADV,2,4,0.009748775999999999
2,VGG19,Ratio,ADV,4,0,0.0986725475
2,VGG19,Ratio,ADV,4,1,0.013959626499999999
2,VGG19,Ratio,ADV,4,2,0.045177209999999995
2,VGG19,Ratio,ADV,4,3,0.029647181
2,VGG19,Ratio,ADV,4,4,0.025587862500000003
2,VGG19,Ratio,ADV,8,0,0.181157701
2,VGG19,Ratio,ADV,8,1,0.036159251499999996
2,VGG19,Ratio,ADV,8,2,0.08340864249999999
2,VGG19,Ratio,ADV,8,3,0.140341944
2,VGG19,Ratio,ADV,8,4,0.13475417150000002
2,VGG19,Ratio,ADV,16,0,0.5383075265
2,VGG19,Ratio,ADV,16,1,0.172708106
2,VGG19,Ratio,ADV,16,2,0.15837291350000002
2,VGG19,Ratio,ADV,16,3,0.3754075155
2,VGG19,Ratio,ADV,16,4,0.1803252195
2,VGG19,Ratio,OOD,2,0,0.036184889
2,VGG19,Ratio,OOD,2,1,0.078154538
2,VGG19,Ratio,OOD,2,2,0.06268048999999999
2,VGG19,Ratio,OOD,2,3,0.062802461
2,VGG19,Ratio,OOD,2,4,0.1363605
2,VGG19,Ratio,OOD,4,0,0.1698050945
2,VGG19,Ratio,OOD,4,1,0.265909439
2,VGG19,Ratio,OOD,4,2,0.2097972045
2,VGG19,Ratio,OOD,4,3,0.25632233249999997
2,VGG19,Ratio,OOD,4,4,0.369989775
2,VGG19,Ratio,OOD,8,0,0.253480048
2,VGG19,Ratio,OOD,8,1,0.324244033
2,VGG19,Ratio,OOD,8,2,0.303623527
2,VGG19,Ratio,OOD,8,3,0.318768928
2,VGG19,Ratio,OOD,8,4,0.414535118
2,VGG19,Ratio,OOD,16,0,0.2972228455
2,VGG19,Ratio,OOD,16,1,0.380116757
2,VGG19,Ratio,OOD,16,2,0.36407364550000004
2,VGG19,Ratio,OOD,16,3,0.37399242850000003
2,VGG19,Ratio,OOD,16,4,0.49618892699999995
2,VGG19,Height,IID,2,0,0.012326176
2,VGG19,Height,IID,2,1,0.0296078225
2,VGG19,Height,IID,2,2,0.0804340125
2,VGG19,Height,IID,2,3,0.007885541999999999
2,VGG19,Height,IID,2,4,0.012814836
2,VGG19,Height,IID,4,0,0.0135602285
2,VGG19,Height,IID,4,1,0.127671127
2,VGG19,Height,IID,4,2,0.0894305245
2,VGG19,Height,IID,4,3,0.035025881499999995
2,VGG19,Height,IID,4,4,0.0279499525
2,VGG19,Height,IID,8,0,0.043357218999999995
2,VGG19,Height,IID,8,1,0.12090916850000001
2,VGG19,Height,IID,8,2,0.15409835900000002
2,VGG19,Height,IID,8,3,0.0423191975
2,VGG19,Height,IID,8,4,0.045400806
2,VGG19,Height,IID,16,0,0.0558967245
2,VGG19,Height,IID,16,1,0.11594354800000001
2,VGG19,Height,IID,16,2,0.183523731
2,VGG19,Height,IID,16,3,0.146251978
2,VGG19,Height,IID,16,4,0.064341084
2,VGG19,Height,COV,2,0,0.0101658075
2,VGG19,Height,COV,2,1,0.010697491499999998
2,VGG19,Height,COV,2,2,0.015187557
2,VGG19,Height,COV,2,3,0.009328181999999997
2,VGG19,Height,COV,2,4,0.0124791065
2,VGG19,Height,COV,4,0,0.017864658
2,VGG19,Height,COV,4,1,0.017904705
2,VGG19,Height,COV,4,2,0.032307937499999995
2,VGG19,Height,COV,4,3,0.0211505005
2,VGG19,Height,COV,4,4,0.020776856
2,VGG19,Height,COV,8,0,0.033493438
2,VGG19,Height,COV,8,1,0.0380417845
2,VGG19,Height,COV,8,2,0.047570039
2,VGG19,Height,COV,8,3,0.030158072499999997
2,VGG19,Height,COV,8,4,0.024339748499999998
2,VGG19,Height,COV,16,0,0.0603737575
2,VGG19,Height,COV,16,1,0.0636797915
2,VGG19,Height,COV,16,2,0.103939234
2,VGG19,Height,COV,16,3,0.0698406935
2,VGG19,Height,COV,16,4,0.0474063655
2,VGG19,Height,ADV,2,0,0.029366399999999997
2,VGG19,Height,ADV,2,1,0.0325233615
2,VGG19,Height,ADV,2,2,0.1192259
2,VGG19,Height,ADV,2,3,0.021318754999999998
2,VGG19,Height,ADV,2,4,0.0173146135
2,VGG19,Height,ADV,4,0,0.0347174645
2,VGG19,Height,ADV,4,1,0.12078756699999998
2,VGG19,Height,ADV,4,2,0.181180638
2,VGG19,Height,ADV,4,3,0.0716284095
2,VGG19,Height,ADV,4,4,0.066734149
2,VGG19,Height,ADV,8,0,0.1228153595
2,VGG19,Height,ADV,8,1,0.32812965450000003
2,VGG19,Height,ADV,8,2,0.274336789
2,VGG19,Height,ADV,8,3,0.403057089
2,VGG19,Height,ADV,8,4,0.12967154949999998
2,VGG19,Height,ADV,16,0,0.125053716
2,VGG19,Height,ADV,16,1,0.3104611955
2,VGG19,Height,ADV,16,2,0.31075942500000003
2,VGG19,Height,ADV,16,3,0.35303855349999996
2,VGG19,Height,ADV,16,4,0.273977228
2,VGG19,Height,OOD,2,0,0.037780935
2,VGG19,Height,OOD,2,1,0.054421133
2,VGG19,Height,OOD,2,2,0.040167772
2,VGG19,Height,OOD,2,3,0.030065700499999997
2,VGG19,Height,OOD,2,4,0.08423193
2,VGG19,Height,OOD,4,0,0.127304883
2,VGG19,Height,OOD,4,1,0.12369957899999999
2,VGG19,Height,OOD,4,2,0.09159266149999999
2,VGG19,Height,OOD,4,3,0.1109389985
2,VGG19,Height,OOD,4,4,0.209402263
2,VGG19,Height,OOD,8,0,0.193770948
2,VGG19,Height,OOD,8,1,0.16113722
2,VGG19,Height,OOD,8,2,0.193372896
2,VGG19,Height,OOD,8,3,0.1690416355
2,VGG19,Height,OOD,8,4,0.208042535
2,VGG19,Height,OOD,16,0,0.208089382
2,VGG19,Height,OOD,16,1,0.33423061200000004
2,VGG19,Height,OOD,16,2,0.235699397
2,VGG19,Height,OOD,16,3,0.2857670285
2,VGG19,Height,OOD,16,4,0.23642812749999997
2,ResNet50,Ratio,IID,2,0,0.015421713499999998
2,ResNet50,Ratio,IID,2,1,0.015555263
2,ResNet50,Ratio,IID,2,2,0.0160188735
2,ResNet50,Ratio,IID,2,3,0.014832118
2,ResNet50,Ratio,IID,2,4,0.021465412500000003
2,ResNet50,Ratio,IID,4,0,0.015036667
2,ResNet50,Ratio,IID,4,1,0.0195526355
2,ResNet50,Ratio,IID,4,2,0.0206497885
2,ResNet50,Ratio,IID,4,3,0.0172419825
2,ResNet50,Ratio,IID,4,4,0.0203108755
2,ResNet50,Ratio,IID,8,0,0.022729151
2,ResNet50,Ratio,IID,8,1,0.047010337
2,ResNet50,Ratio,IID,8,2,0.028759913499999998
2,ResNet50,Ratio,IID,8,3,0.059517232999999996
2,ResNet50,Ratio,IID,8,4,0.0419046275
2,ResNet50,Ratio,IID,16,0,0.146743387
2,ResNet50,Ratio,IID,16,1,0.1636834815
2,ResNet50,Ratio,IID,16,2,0.261910403
2,ResNet50,Ratio,IID,16,3,0.1893400485
2,ResNet50,Ratio,IID,16,4,0.114290956
2,ResNet50,Ratio,COV,2,0,0.0147762995
2,ResNet50,Ratio,COV,2,1,0.016315338500000002
2,ResNet50,Ratio,COV,2,2,0.0160615495
2,ResNet50,Ratio,COV,2,3,0.015063367
2,ResNet50,Ratio,COV,2,4,0.024349783000000003
2,ResNet50,Ratio,COV,4,0,0.0188937055
2,ResNet50,Ratio,COV,4,1,0.0150388315
2,ResNet50,Ratio,COV,4,2,0.0209944725
2,ResNet50,Ratio,COV,4,3,0.0163508835
2,ResNet50,Ratio,COV,4,4,0.020730043
2,ResNet50,Ratio,COV,8,0,0.028221382999999996
2,ResNet50,Ratio,COV,8,1,0.02871984
2,ResNet50,Ratio,COV,8,2,0.0246484035
2,ResNet50,Ratio,COV,8,3,0.0189435605
2,ResNet50,Ratio,COV,8,4,0.033129229
2,ResNet50,Ratio,COV,16,0,0.09638572100000001
2,ResNet50,Ratio,COV,16,1,0.1130557535
2,ResNet50,Ratio,COV,16,2,0.151251041
2,ResNet50,Ratio,COV,16,3,0.1485463685
2,ResNet50,Ratio,COV,16,4,0.145500463
2,ResNet50,Ratio,ADV,2,0,0.0276196655
2,ResNet50,Ratio,ADV,2,1,0.016154681
2,ResNet50,Ratio,ADV,2,2,0.017984543999999998
2,ResNet50,Ratio,ADV,2,3,0.0225920215
2,ResNet50,Ratio,ADV,2,4,0.019711504499999997
2,ResNet50,Ratio,ADV,4,0,0.1920821715
2,ResNet50,Ratio,ADV,4,1,0.040010658
2,ResNet50,Ratio,ADV,4,2,0.1266721345
2,ResNet50,Ratio,ADV,4,3,0.09109262750000001
2,ResNet50,Ratio,ADV,4,4,0.0351820155
2,ResNet50,Ratio,ADV,8,0,0.199779252
2,ResNet50,Ratio,ADV,8,1,0.1146921435
2,ResNet50,Ratio,ADV,8,2,0.17589668349999998
2,ResNet50,Ratio,ADV,8,3,0.165003334
2,ResNet50,Ratio,ADV,8,4,0.18688881599999999
2,ResNet50,Ratio,ADV,16,0,0.5385144884999999
2,ResNet50,Ratio,ADV,16,1,0.2020680975
2,ResNet50,Ratio,ADV,16,2,0.21252231849999997
2,ResNet50,Ratio,ADV,16,3,0.386107689
2,ResNet50,Ratio,ADV,16,4,0.197213749
2,ResNet50,Ratio,OOD,2,0,0.048907203499999996
2,ResNet50,Ratio,OOD,2,1,0.1112238775
2,ResNet50,Ratio,OOD,2,2,0.0794946745
2,ResNet50,Ratio,OOD,2,3,0.0826355435
2,ResNet50,Ratio,OOD,2,4,0.17650266550000002
2,ResNet50,Ratio,OOD,4,0,0.188259194
2,ResNet50,Ratio,OOD,4,1,0.2515448085
2,ResNet50,Ratio,OOD,4,2,0.205660901
2,ResNet50,Ratio,OOD,4,3,0.24652300300000002
2,ResNet50,Ratio,OOD,4,4,0.35643224300000004
2,ResNet50,Ratio,OOD,8,0,0.256835659
2,ResNet50,Ratio,OOD,8,1,0.3275403685
2,ResNet50,Ratio,OOD,8,2,0.3194367575
2,ResNet50,Ratio,OOD,8,3,0.3130123
2,ResNet50,Ratio,OOD,8,4,0.41681577049999996
2,ResNet50,Ratio,OOD,16,0,0.29774257849999997
2,ResNet50,Ratio,OOD,16,1,0.38739537
2,ResNet50,Ratio,OOD,16,2,0.37083660350000003
2,ResNet50,Ratio,OOD,16,3,0.3900418665
2,ResNet50,Ratio,OOD,16,4,0.5012910715
2,ResNet50,Height,IID,2,0,0.0209093215
2,ResNet50,Height,IID,2,1,0.044087090999999995
2,ResNet50,Height,IID,2,2,0.089128129
2,ResNet50,Height,IID,2,3,0.022325119999999997
2,ResNet50,Height,IID,2,4,0.019368104
2,ResNet50,Height,IID,4,0,0.031931434
2,ResNet50,Height,IID,4,1,0.1228520845
2,ResNet50,Height,IID,4,2,0.09927637099999999
2,ResNet50,Height,IID,4,3,0.05450755349999999
2,ResNet50,Height,IID,4,4,0.03683315
2,ResNet50,Height,IID,8,0,0.0880359255
2,ResNet50,Height,IID,8,1,0.126287483
2,ResNet50,Height,IID,8,2,0.1869163965
2,ResNet50,Height,IID,8,3,0.0634207755
2,ResNet50,Height,IID,8,4,0.066192696
2,ResNet50,Height,IID,16,0,0.101224588
2,ResNet50,Height,IID,16,1,0.1330016045
2,ResNet50,Height,IID,16,2,0.159396331
2,ResNet50,Height,IID,16,3,0.14880318299999998
2,ResNet50,Height,IID,16,4,0.117796787
2,ResNet50,Height,COV,2,0,0.0188256215
2,ResNet50,Height,COV,2,1,0.023066771
2,ResNet50,Height,COV,2,2,0.0370231335
2,ResNet50,Height,COV,2,3,0.019297995
2,ResNet50,Height,COV,2,4,0.0221099605
2,ResNet50,Height,COV,4,0,0.020372498000000003
2,ResNet50,Height,COV,4,1,0.0369831415
2,ResNet50,Height,COV,4,2,0.040254089
2,ResNet50,Height,COV,4,3,0.0371786615
2,ResNet50,Height,COV,4,4,0.029640257500000003
2,ResNet50,Height,COV,8,0,0.055318862999999996
2,ResNet50,Height,COV,8,1,0.06666330749999999
2,ResNet50,Height,COV,8,2,0.0764382235
2,ResNet50,Height,COV,8,3,0.056881381
2,ResNet50,Height,COV,8,4,0.0393269275
2,ResNet50,Height,COV,16,0,0.0964621
2,ResNet50,Height,COV,16,1,0.096905821
2,ResNet50,Height,COV,16,2,0.1146505065
2,ResNet50,Height,COV,16,3,0.113390834
2,ResNet50,Height,COV,16,4,0.07493093649999999
2,ResNet50,Height,ADV,2,0,0.042041622
2,ResNet50,Height,ADV,2,1,0.0536864275
2,ResNet50,Height,ADV,2,2,0.13386073799999998
2,ResNet50,Height,ADV,2,3,0.0347769635
2,ResNet50,Height,ADV,2,4,0.0337897905
2,ResNet50,Height,ADV,4,0,0.053826855
2,ResNet50,Height,ADV,4,1,0.11914667649999999
2,ResNet50,Height,ADV,4,2,0.16067853299999998
2,ResNet50,Height,ADV,4,3,0.11272013099999999
2,ResNet50,Height,ADV,4,4,0.098331358
2,ResNet50,Height,ADV,8,0,0.1354274025
2,ResNet50,Height,ADV,8,1,0.199836945
2,ResNet50,Height,ADV,8,2,0.26445085549999997
2,ResNet50,Height,ADV,8,3,0.24973728150000002
2,ResNet50,Height,ADV,8,4,0.130159268
2,ResNet50,Height,ADV,16,0,0.13806352300000002
2,ResNet50,Height,ADV,16,1,0.2536002915
2,ResNet50,Height,ADV,16,2,0.254737906
2,ResNet50,Height,ADV,16,3,0.2780259865
2,ResNet50,Height,ADV,16,4,0.241338051
2,ResNet50,Height,OOD,2,0,0.080884749
2,ResNet50,Height,OOD,2,1,0.0973256965
2,ResNet50,Height,OOD,2,2,0.0653413535
2,ResNet50,Height,OOD,2,3,0.0644287565
2,ResNet50,Height,OOD,2,4,0.12910372950000001
2,ResNet50,Height,OOD,4,0,0.1742920715
2,ResNet50,Height,OOD,4,1,0.1666304715
2,ResNet50,Height,OOD,4,2,0.1436556165
2,ResNet50,Height,OOD,4,3,0.150789008
2,ResNet50,Height,OOD,4,4,0.200330536
2,ResNet50,Height,OOD,8,0,0.23185558150000002
2,ResNet50,Height,OOD,8,1,0.199383664
2,ResNet50,Height,OOD,8,2,0.21986166499999998
2,ResNet50,Height,OOD,8,3,0.24111330549999999
2,ResNet50,Height,OOD,8,4,0.23735286099999997
2,ResNet50,Height,OOD,16,0,0.242436496
2,ResNet50,Height,OOD,16,1,0.297799858
2,ResNet50,Height,OOD,16,2,0.2272355695
2,ResNet50,Height,OOD,16,3,0.238658948
2,ResNet50,Height,OOD,16,4,0.258792419
3,VGG19,Ratio,IID,2,0,0.009099414
3,VGG19,Ratio,IID,2,1,0.0088244105
3,VGG19,Ratio,IID,2,2,0.0113619005
3,VGG19,Ratio,IID,2,3,0.0097110415
3,VGG19,Ratio,IID,2,4,0.0204871535
3,VGG19,Ratio,IID,4,0,0.014508007
3,VGG19,Ratio,IID,4,1,0.012946617499999999
3,VGG19,Ratio,IID,4,2,0.016987615499999997
3,VGG19,Ratio,IID,4,3,0.010774434999999999
3,VGG19,Ratio,IID,4,4,0.017681502
3,VGG19,Ratio,IID,8,0,0.016925333999999997
3,VGG19,Ratio,IID,8,1,0.033728398
3,VGG19,Ratio,IID,8,2,0.013706232499999998
3,VGG19,Ratio,IID,8,3,0.011738866999999998
3,VGG19,Ratio,IID,8,4,0.022441151
3,VGG19,Ratio,IID,16,0,0.1312124135
3,VGG19,Ratio,IID,16,1,0.159438453
3,VGG19,Ratio,IID,16,2,0.063867317
3,VGG19,Ratio,IID,16,3,0.050379946
3,VGG19,Ratio,IID,16,4,0.059585784999999995
3,VGG19,Ratio,COV,2,0,0.008283467999999999
3,VGG19,Ratio,COV,2,1,0.0098620435
3,VGG19,Ratio,COV,2,2,0.0112785875
3,VGG19,Ratio,COV,2,3,0.0100106945
3,VGG19,Ratio,COV,2,4,0.010254387
3,VGG19,Ratio,COV,4,0,0.010157333499999999
3,VGG19,Ratio,COV,4,1,0.0108566525
3,VGG19,Ratio,COV,4,2,0.008373051
3,VGG19,Ratio,COV,4,3,0.008818681
3,VGG19,Ratio,COV,4,4,0.011707885
3,VGG19,Ratio,COV,8,0,0.0161432065
3,VGG19,Ratio,COV,8,1,0.014504379500000001
3,VGG19,Ratio,COV,8,2,0.013102391500000001
3,VGG19,Ratio,COV,8,3,0.0129528625
3,VGG19,Ratio,COV,8,4,0.022580557
3,VGG19,Ratio,COV,16,0,0.10286950649999999
3,VGG19,Ratio,COV,16,1,0.10224533549999999
3,VGG19,Ratio,COV,16,2,0.132213877
3,VGG19,Ratio,COV,16,3,0.1184465385
3,VGG19,Ratio,COV,16,4,0.138017863
3,VGG19,Ratio,ADV,2,0,0.0144197185
3,VGG19,Ratio,ADV,2,1,0.0110294165
3,VGG19,Ratio,ADV,2,2,0.014869805
3,VGG19,Ratio,ADV,2,3,0.0141899665
3,VGG19,Ratio,ADV,2,4,0.016766502
3,VGG19,Ratio,ADV,4,0,0.0709146455
3,VGG19,Ratio,ADV,4,1,0.016540346
3,VGG19,Ratio,ADV,4,2,0.034541528
3,VGG19,Ratio,ADV,4,3,0.053046063000000004
3,VGG19,Ratio,ADV,4,4,0.0187941015
3,VGG19,Ratio,ADV,8,0,0.04069811
3,VGG19,Ratio,ADV,8,1,0.1047848195
3,VGG19,Ratio,ADV,8,2,0.030111525999999996
3,VGG19,Ratio,ADV,8,3,0.25921873
3,VGG19,Ratio,ADV,8,4,0.11820661500000001
3,VGG19,Ratio,ADV,16,0,0.539987845
3,VGG19,Ratio,ADV,16,1,0.12121433999999999
3,VGG19,Ratio,ADV,16,2,0.082734869
3,VGG19,Ratio,ADV,16,3,0.381545453
3,VGG19,Ratio,ADV,16,4,0.164008626
3,VGG19,Ratio,OOD,2,0,0.0387212625
3,VGG19,Ratio,OOD,2,1,0.0873401845
3,VGG19,Ratio,OOD,2,2,0.058772649999999996
3,VGG19,Ratio,OOD,2,3,0.06614091600000001
3,VGG19,Ratio,OOD,2,4,0.1585309315
3,VGG19,Ratio,OOD,4,0,0.173567675
3,VGG19,Ratio,OOD,4,1,0.260309662
3,VGG19,Ratio,OOD,4,2,0.2088402275
3,VGG19,Ratio,OOD,4,3,0.2438977515
3,VGG19,Ratio,OOD,4,4,0.36949181400000003
3,VGG19,Ratio,OOD,8,0,0.253782659
3,VGG19,Ratio,OOD,8,1,0.3206792955
3,VGG19,Ratio,OOD,8,2,0.3077902455
3,VGG19,Ratio,OOD,8,3,0.319113605
3,VGG19,Ratio,OOD,8,4,0.43546134599999997
3,VGG19,Ratio,OOD,16,0,0.299059548
3,VGG19,Ratio,OOD,16,1,0.3829590065
3,VGG19,Ratio,OOD,16,2,0.3730023295
3,VGG19,Ratio,OOD,16,3,0.3764607705
3,VGG19,Ratio,OOD,16,4,0.5007297055
3,VGG19,Height,IID,2,0,0.0128532345
3,VGG19,Height,IID,2,1,0.028608548
3,VGG19,Height,IID,2,2,0.05929455
3,VGG19,Height,IID,2,3,0.009116199499999998
3,VGG19,Height,IID,2,4,0.0178505825
3,VGG19,Height,IID,4,0,0.014969707
3,VGG19,Height,IID,4,1,0.103239158
3,VGG19,Height,IID,4,2,0.056521270500000005
3,VGG19,Height,IID,4,3,0.027183292999999997
3,VGG19,Height,IID,4,4,0.024484575999999997
3,VGG19,Height,IID,8,0,0.036007436000000004
3,VGG19,Height,IID,8,1,0.11047831550000001
3,VGG19,Height,IID,8,2,0.1659138625
3,VGG19,Height,IID,8,3,0.0349311245
3,VGG19,Height,IID,8,4,0.0467414415
3,VGG19,Height,IID,16,0,0.0832582105
3,VGG19,Height,IID,16,1,0.115181854
3,VGG19,Height,IID,16,2,0.1914256875
3,VGG19,Height,IID,16,3,0.1519701295
3,VGG19,Height,IID,16,4,0.096510355
3,VGG19,Height,COV,2,0,0.0120897055
3,VGG19,Height,COV,2,1,0.0164386315
3,VGG19,Height,COV,2,2,0.018592773
3,VGG19,Height,COV,2,3,0.013691595499999997
3,VGG19,Height,COV,2,4,0.011464278999999999
3,VGG19,Height,COV,4,0,0.016582458
3,VGG19,Height,COV,4,1,0.015060986500000002
3,VGG19,Height,COV,4,2,0.0220510105
3,VGG19,Height,COV,4,3,0.023047726999999997
3,VGG19,Height,COV,4,4,0.021613835
3,VGG19,Height,COV,8,0,0.0284790895
3,VGG19,Height,COV,8,1,0.040937468000000005
3,VGG19,Height,COV,8,2,0.046580336
3,VGG19,Height,COV,8,3,0.0328859495
3,VGG19,Height,COV,8,4,0.0245718055
3,VGG19,Height,COV,16,0,0.0742113
3,VGG19,Height,COV,16,1,0.065086511
3,VGG19,Height,COV,16,2,0.0914580715
3,VGG19,Height,COV,16,3,0.07219316749999999
3,VGG19,Height,COV,16,4,0.0728127245
3,VGG19,Height,ADV,2,0,0.020657266
3,VGG19,Height,ADV,2,1,0.0232035345
3,VGG19,Height,ADV,2,2,0.0906344975
3,VGG19,Height,ADV,2,3,0.015248132499999997
3,VGG19,Height,ADV,2,4,0.013982455999999999
3,VGG19,Height,ADV,4,0,0.044333761
3,VGG19,Height,ADV,4,1,0.072114028
3,VGG19,Height,ADV,4,2,0.1443023145
3,VGG19,Height,ADV,4,3,0.0641740905
3,VGG19,Height,ADV,4,4,0.0752449785
3,VGG19,Height,ADV,8,0,0.105140936
3,VGG19,Height,ADV,8,1,0.300505282
3,VGG19,Height,ADV,8,2,0.26656066700000003
3,VGG19,Height,ADV,8,3,0.333524707
3,VGG19,Height,ADV,8,4,0.134755614
3,VGG19,Height,ADV,16,0,0.1401871445
3,VGG19,Height,ADV,16,1,0.31342731199999996
3,VGG19,Height,ADV,16,2,0.325985843
3,VGG19,Height,ADV,16,3,0.4027914225
3,VGG19,Height,ADV,16,4,0.241469796
3,VGG19,Height,OOD,2,0,0.0418850085
3,VGG19,Height,OOD,2,1,0.0607173045
3,VGG19,Height,OOD,2,2,0.0426109045
3,VGG19,Height,OOD,2,3,0.040000708999999995
3,VGG19,Height,OOD,2,4,0.0814992745
3,VGG19,Height,OOD,4,0,0.1443463055
3,VGG19,Height,OOD,4,1,0.127638939
3,VGG19,Height,OOD,4,2,0.11444075299999999
3,VGG19,Height,OOD,4,3,0.102470148
3,VGG19,Height,OOD,4,4,0.201894405
3,VGG19,Height,OOD,8,0,0.2002559835
3,VGG19,Height,OOD,8,1,0.19181883
3,VGG19,Height,OOD,8,2,0.187634594
3,VGG19,Height,OOD,8,3,0.222935196
3,VGG19,Height,OOD,8,4,0.229046886
3,VGG19,Height,OOD,16,0,0.23729972800000002
3,VGG19,Height,OOD,16,1,0.2329410745
3,VGG19,Height,OOD,16,2,0.229081738
3,VGG19,Height,OOD,16,3,0.3174629965
3,VGG19,Height,OOD,16,4,0.3206744865
3,ResNet50,Ratio,IID,2,0,0.020225492
3,ResNet50,Ratio,IID,2,1,0.0196701135
3,ResNet50,Ratio,IID,2,2,0.019923259999999998
3,ResNet50,Ratio,IID,2,3,0.019524720000000002
3,ResNet50,Ratio,IID,2,4,0.023508765
3,ResNet50,Ratio,IID,4,0,0.019216252
3,ResNet50,Ratio,IID,4,1,0.0206713295
3,ResNet50,Ratio,IID,4,2,0.020123196
3,ResNet50,Ratio,IID,4,3,0.018634253
3,ResNet50,Ratio,IID,4,4,0.024439765
3,ResNet50,Ratio,IID,8,0,0.01907936
3,ResNet50,Ratio,IID,8,1,0.053198572
3,ResNet50,Ratio,IID,8,2,0.022309339
3,ResNet50,Ratio,IID,8,3,0.053055024000000006
3,ResNet50,Ratio,IID,8,4,0.035891066
3,ResNet50,Ratio,IID,16,0,0.155306753
3,ResNet50,Ratio,IID,16,1,0.1680437285
3,ResNet50,Ratio,IID,16,2,0.217244097
3,ResNet50,Ratio,IID,16,3,0.176148795
3,ResNet50,Ratio,IID,16,4,0.1049511925
3,ResNet50,Ratio,COV,2,0,0.023558473
3,ResNet50,Ratio,COV,2,1,0.0212128185
3,ResNet50,Ratio,COV,2,2,0.019684424
3,ResNet50,Ratio,COV,2,3,0.017025921500000003
3,ResNet50,Ratio,COV,2,4,0.022460371
3,ResNet50,Ratio,COV,4,0,0.022013534999999997
3,ResNet50,Ratio,COV,4,1,0.021816663
3,ResNet50,Ratio,COV,4,2,0.0219115355
3,ResNet50,Ratio,COV,4,3,0.0183850175
3,ResNet50,Ratio,COV,4,4,0.025568014
3,ResNet50,Ratio,COV,8,0,0.0266307185
3,ResNet50,Ratio,COV,8,1,0.0290286605
3,ResNet50,Ratio,COV,8,2,0.026467039
3,ResNet50,Ratio,COV,8,3,0.024350621
3,ResNet50,Ratio,COV,8,4,0.034577288
3,ResNet50,Ratio,COV,16,0,0.12405915199999999
3,ResNet50,Ratio,COV,16,1,0.16540685900000002
3,ResNet50,Ratio,COV,16,2,0.20484315299999997
3,ResNet50,Ratio,COV,16,3,0.17814424550000002
3,ResNet50,Ratio,COV,16,4,0.1625217645
3,ResNet50,Ratio,ADV,2,0,0.026252201500000003
3,ResNet50,Ratio,ADV,2,1,0.0211460415
3,ResNet50,Ratio,ADV,2,2,0.0213985705
3,ResNet50,Ratio,ADV,2,3,0.0230054
3,ResNet50,Ratio,ADV,2,4,0.021667534000000002
3,ResNet50,Ratio,ADV,4,0,0.165314611
3,ResNet50,Ratio,ADV,4,1,0.046020451500000004
3,ResNet50,Ratio,ADV,4,2,0.0878833965
3,ResNet50,Ratio,ADV,4,3,0.107947983
3,ResNet50,Ratio,ADV,4,4,0.037390475
3,ResNet50,Ratio,ADV,8,0,0.2008800515
3,ResNet50,Ratio,ADV,8,1,0.1161117465
3,ResNet50,Ratio,ADV,8,2,0.12177102649999999
3,ResNet50,Ratio,ADV,8,3,0.3434357765
3,ResNet50,Ratio,ADV,8,4,0.187783789
3,ResNet50,Ratio,ADV,16,0,0.5387820725
3,ResNet50,Ratio,ADV,16,1,0.2047668255
3,ResNet50,Ratio,ADV,16,2,0.1521962365
3,ResNet50,Ratio,ADV,16,3,0.381129063
3,ResNet50,Ratio,ADV,16,4,0.20478260050000002
3,ResNet50,Ratio,OOD,2,0,0.058199060999999996
3,ResNet50,Ratio,OOD,2,1,0.1023742575
3,ResNet50,Ratio,OOD,2,2,0.0839657915
3,ResNet50,Ratio,OOD,2,3,0.077438854
3,ResNet50,Ratio,OOD,2,4,0.178505846
3,ResNet50,Ratio,OOD,4,0,0.1720246625
3,ResNet50,Ratio,OOD,4,1,0.260998763
3,ResNet50,Ratio,OOD,4,2,0.208914048
3,ResNet50,Ratio,OOD,4,3,0.242519352
3,ResNet50,Ratio,OOD,4,4,0.3607204865
3,ResNet50,Ratio,OOD,8,0,0.251276678
3,ResNet50,Ratio,OOD,8,1,0.321292947
3,ResNet50,Ratio,OOD,8,2,0.31570584
3,ResNet50,Ratio,OOD,8,3,0.32039058049999997
3,ResNet50,Ratio,OOD,8,4,0.40665358700000004
3,ResNet50,Ratio,OOD,16,0,0.3045538445
3,ResNet50,Ratio,OOD,16,1,0.3847970395
3,ResNet50,Ratio,OOD,16,2,0.3708732505
3,ResNet50,Ratio,OOD,16,3,0.384472147
3,ResNet50,Ratio,OOD,16,4,0.5002410979999999
3,ResNet50,Height,IID,2,0,0.025679884500000003
3,ResNet50,Height,IID,2,1,0.0498096075
3,ResNet50,Height,IID,2,2,0.0890279335
3,ResNet50,Height,IID,2,3,0.023045569499999998
3,ResNet50,Height,IID,2,4,0.02632919
3,ResNet50,Height,IID,4,0,0.033055319
3,ResNet50,Height,IID,4,1,0.14068352
3,ResNet50,Height,IID,4,2,0.1001544755
3,ResNet50,Height,IID,4,3,0.055486236499999994
3,ResNet50,Height,IID,4,4,0.042150217
3,ResNet50,Height,IID,8,0,0.07114206299999999
3,ResNet50,Height,IID,8,1,0.13240446
3,ResNet50,Height,IID,8,2,0.212613565
3,ResNet50,Height,IID,8,3,0.0527194525
3,ResNet50,Height,IID,8,4,0.09027824699999999
3,ResNet50,Height,IID,16,0,0.11473003799999999
3,ResNet50,Height,IID,16,1,0.1491749775
3,ResNet50,Height,IID,16,2,0.2119071295
3,ResNet50,Height,IID,16,3,0.1683014915
3,ResNet50,Height,IID,16,4,0.13882084050000001
3,ResNet50,Height,COV,2,0,0.023312701
3,ResNet50,Height,COV,2,1,0.0235629275
3,ResNet50,Height,COV,2,2,0.0305664645
3,ResNet50,Height,COV,2,3,0.0218057625
3,ResNet50,Height,COV,2,4,0.0237010315
3,ResNet50,Height,COV,4,0,0.0253539935
3,ResNet50,Height,COV,4,1,0.0322489885
3,ResNet50,Height,COV,4,2,0.0381736425
3,ResNet50,Height,COV,4,3,0.0537114635
3,ResNet50,Height,COV,4,4,0.0360962845
3,ResNet50,Height,COV,8,0,0.057656977500000005
3,ResNet50,Height,COV,8,1,0.096817321
3,ResNet50,Height,COV,8,2,0.0678359775
3,ResNet50,Height,COV,8,3,0.0741025125
3,ResNet50,Height,COV,8,4,0.052567661999999994
3,ResNet50,Height,COV,16,0,0.10819778349999999
3,ResNet50,Height,COV,16,1,0.143656728
3,ResNet50,Height,COV,16,2,0.1257426975
3,ResNet50,Height,COV,16,3,0.1850040175
3,ResNet50,Height,COV,16,4,0.1482340165
3,ResNet50,Height,ADV,2,0,0.046000430999999994
3,ResNet50,Height,ADV,2,1,0.0510113225
3,ResNet50,Height,ADV,2,2,0.137161047
3,ResNet50,Height,ADV,2,3,0.0338184275
3,ResNet50,Height,ADV,2,4,0.038508089
3,ResNet50,Height,ADV,4,0,0.06291704
3,ResNet50,Height,ADV,4,1,0.1464194055
3,ResNet50,Height,ADV,4,2,0.1982683
3,ResNet50,Height,ADV,4,3,0.10281699200000001
3,ResNet50,Height,ADV,4,4,0.09402729950000001
3,ResNet50,Height,ADV,8,0,0.1528177155
3,ResNet50,Height,ADV,8,1,0.2756747595
3,ResNet50,Height,ADV,8,2,0.324422074
3,ResNet50,Height,ADV,8,3,0.3343781535
3,ResNet50,Height,ADV,8,4,0.129381295
3,ResNet50,Height,ADV,16,0,0.151623654
3,ResNet50,Height,ADV,16,1,0.28738687599999996
3,ResNet50,Height,ADV,16,2,0.318093947
3,ResNet50,Height,ADV,16,3,0.35835648449999996
3,ResNet50,Height,ADV,16,4,0.24198530399999998
3,ResNet50,Height,OOD,2,0,0.080097216
3,ResNet50,Height,OOD,2,1,0.093001029
3,ResNet50,Height,OOD,2,2,0.0641236595
3,ResNet50,Height,OOD,2,3,0.06099633299999999
3,ResNet50,Height,OOD,2,4,0.11824747199999999
3,ResNet50,Height,OOD,4,0,0.177680548
3,ResNet50,Height,OOD,4,1,0.17262913900000001
3,ResNet50,Height,OOD,4,2,0.1389588125
3,ResNet50,Height,OOD,4,3,0.147470171
3,ResNet50,Height,OOD,4,4,0.22548824450000002
3,ResNet50,Height,OOD,8,0,0.23377100799999997
3,ResNet50,Height,OOD,8,1,0.20785348600000003
3,ResNet50,Height,OOD,8,2,0.1931174235
3,ResNet50,Height,OOD,8,3,0.24494150799999997
3,ResNet50,Height,OOD,8,4,0.22110280149999997
3,ResNet50,Height,OOD,16,0,0.240323862
3,ResNet50,Height,OOD,16,1,0.23261604400000002
3,ResNet50,Height,OOD,16,2,0.2286002345
3,ResNet50,Height,OOD,16,3,0.287364204
3,ResNet50,Height,OOD,16,4,0.2588234325
4,VGG19,Ratio,IID,2,0,0.011800716499999997
4,VGG19,Ratio,IID,2,1,0.009057780999999999
4,VGG19,Ratio,IID,2,2,0.010876714
4,VGG19,Ratio,IID,2,3,0.009052681
4,VGG19,Ratio,IID,2,4,0.0140923665
4,VGG19,Ratio,IID,4,0,0.0119979085
4,VGG19,Ratio,IID,4,1,0.0114636825
4,VGG19,Ratio,IID,4,2,0.012016632999999999
4,VGG19,Ratio,IID,4,3,0.015414272500000001
4,VGG19,Ratio,IID,4,4,0.0165709075
4,VGG19,Ratio,IID,8,0,0.013969488499999997
4,VGG19,Ratio,IID,8,1,0.035941137
4,VGG19,Ratio,IID,8,2,0.014518946499999998
4,VGG19,Ratio,IID,8,3,0.048280577
4,VGG19,Ratio,IID,8,4,0.032547299499999995
4,VGG19,Ratio,IID,16,0,0.155790915
4,VGG19,Ratio,IID,16,1,0.1567127665
4,VGG19,Ratio,IID,16,2,0.081904407
4,VGG19,Ratio,IID,16,3,0.1016245805
4,VGG19,Ratio,IID,16,4,0.10300936050000001
4,VGG19,Ratio,COV,2,0,0.012510457499999999
4,VGG19,Ratio,COV,2,1,0.009200485000000001
4,VGG19,Ratio,COV,2,2,0.011969651
4,VGG19,Ratio,COV,2,3,0.009218862500000001
4,VGG19,Ratio,COV,2,4,0.0142629535
4,VGG19,Ratio,COV,4,0,0.008473904499999999
4,VGG19,Ratio,COV,4,1,0.0106249405
4,VGG19,Ratio,COV,4,2,0.0149341275
4,VGG19,Ratio,COV,4,3,0.010434541
4,VGG19,Ratio,COV,4,4,0.0138950735
4,VGG19,Ratio,COV,8,0,0.015048737999999997
4,VGG19,Ratio,COV,8,1,0.017772147000000002
4,VGG19,Ratio,COV,8,2,0.013854106500000001
4,VGG19,Ratio,COV,8,3,0.0113875535
4,VGG19,Ratio,COV,8,4,0.021930071
4,VGG19,Ratio,COV,16,0,0.086798169
4,VGG19,Ratio,COV,16,1,0.10021943999999999
4,VGG19,Ratio,COV,16,2,0.117276925
4,VGG19,Ratio,COV,16,3,0.103275542
4,VGG19,Ratio,COV,16,4,0.12464355049999999
4,VGG19,Ratio,ADV,2,0,0.0149636485
4,VGG19,Ratio,ADV,2,1,0.010810341000000001
4,VGG19,Ratio,ADV,2,2,0.015422554
4,VGG19,Ratio,ADV,2,3,0.0136384535
4,VGG19,Ratio,ADV,2,4,0.015270647999999998
4,VGG19,Ratio,ADV,4,0,0.10808222499999999
4,VGG19,Ratio,ADV,4,1,0.014469443000000002
4,VGG19,Ratio,ADV,4,2,0.057736844999999995
4,VGG19,Ratio,ADV,4,3,0.052422095
4,VGG19,Ratio,ADV,4,4,0.0236464015
4,VGG19,Ratio,ADV,8,0,0.0897711535
4,VGG19,Ratio,ADV,8,1,0.11754706200000001
4,VGG19,Ratio,ADV,8,2,0.102401472
4,VGG19,Ratio,ADV,8,3,0.1684703685
4,VGG19,Ratio,ADV,8,4,0.1278995385
4,VGG19,Ratio,ADV,16,0,0.5392560325
4,VGG19,Ratio,ADV,16,1,0.1573312685
4,VGG19,Ratio,ADV,16,2,0.060096375
4,VGG19,Ratio,ADV,16,3,0.378517775
4,VGG19,Ratio,ADV,16,4,0.162417479
4,VGG19,Ratio,OOD,2,0,0.0371536315
4,VGG19,Ratio,OOD,2,1,0.080981788
4,VGG19,Ratio,OOD,2,2,0.0598267545
4,VGG19,Ratio,OOD,2,3,0.05603331500000001
4,VGG19,Ratio,OOD,2,4,0.1312942985
4,VGG19,Ratio,OOD,4,0,0.16408674450000002
4,VGG19,Ratio,OOD,4,1,0.257559166
4,VGG19,Ratio,OOD,4,2,0.19866209799999998
4,VGG19,Ratio,OOD,4,3,0.245804362
4,VGG19,Ratio,OOD,4,4,0.367327236
4,VGG19,Ratio,OOD,8,0,0.2549189605
4,VGG19,Ratio,OOD,8,1,0.326873018
4,VGG19,Ratio,OOD,8,2,0.3008800095
4,VGG19,Ratio,OOD,8,3,0.3234487345
4,VGG19,Ratio,OOD,8,4,0.41992842950000003
4,VGG19,Ratio,OOD,16,0,0.2978305765
4,VGG19,Ratio,OOD,16,1,0.3791631465
4,VGG19,Ratio,OOD,16,2,0.3673771765
4,VGG19,Ratio,OOD,16,3,0.374834614
4,VGG19,Ratio,OOD,16,4,0.48883066099999994
4,VGG19,Height,IID,2,0,0.0129868425
4,VGG19,Height,IID,2,1,0.0349535865
4,VGG19,Height,IID,2,2,0.07336367249999999
4,VGG19,Height,IID,2,3,0.011693240499999999
4,VGG19,Height,IID,2,4,0.016390403
4,VGG19,Height,IID,4,0,0.0166428045
4,VGG19,Height,IID,4,1,0.123299692
4,VGG19,Height,IID,4,2,0.0898013045
4,VGG19,Height,IID,4,3,0.047034526
4,VGG19,Height,IID,4,4,0.0271787155
4,VGG19,Height,IID,8,0,0.0525523795
4,VGG19,Height,IID,8,1,0.1275583895
4,VGG19,Height,IID,8,2,0.1904969815
4,VGG19,Height,IID,8,3,0.0409066395
4,VGG19,Height,IID,8,4,0.054911249999999995
4,VGG19,Height,IID,16,0,0.113504481
4,VGG19,Height,IID,16,1,0.145415339
4,VGG19,Height,IID,16,2,0.1937765215
4,VGG19,Height,IID,16,3,0.156859983
4,VGG19,Height,IID,16,4,0.0809455835
4,VGG19,Height,COV,2,0,0.011950475
4,VGG19,Height,COV,2,1,0.011398326499999998
4,VGG19,Height,COV,2,2,0.0273350955
4,VGG19,Height,COV,2,3,0.013841184999999999
4,VGG19,Height,COV,2,4,0.0125625455
4,VGG19,Height,COV,4,0,0.014437016500000002
4,VGG19,Height,COV,4,1,0.022700973
4,VGG19,Height,COV,4,2,0.0288805485
4,VGG19,Height,COV,4,3,0.020656894999999998
4,VGG19,Height,COV,4,4,0.022043965999999998
4,VGG19,Height,COV,8,0,0.0608592025
4,VGG19,Height,COV,8,1,0.059671649
4,VGG19,Height,COV,8,2,0.067067945
4,VGG19,Height,COV,8,3,0.057219548499999995
4,VGG19,Height,COV,8,4,0.035212491
4,VGG19,Height,COV,16,0,0.080981529
4,VGG19,Height,COV,16,1,0.095134414
4,VGG19,Height,COV,16,2,0.12025632800000001
4,VGG19,Height,COV,16,3,0.12552452
4,VGG19,Height,COV,16,4,0.0730206425
4,VGG19,Height,ADV,2,0,0.0363763045
4,VGG19,Height,ADV,2,1,0.040052093999999996
4,VGG19,Height,ADV,2,2,0.120008617
4,VGG19,Height,ADV,2,3,0.022558925499999997
4,VGG19,Height,ADV,2,4,0.019168527999999997
4,VGG19,Height,ADV,4,0,0.0464102425
4,VGG19,Height,ADV,4,1,0.1031678095
4,VGG19,Height,ADV,4,2,0.20471640500000002
4,VGG19,Height,ADV,4,3,0.082773479
4,VGG19,Height,ADV,4,4,0.0968639965
4,VGG19,Height,ADV,8,0,0.1375434325
4,VGG19,Height,ADV,8,1,0.311900131
4,VGG19,Height,ADV,8,2,0.31410279999999996
4,VGG19,Height,ADV,8,3,0.349952263
4,VGG19,Height,ADV,8,4,0.166983308
4,VGG19,Height,ADV,16,0,0.1580301875
4,VGG19,Height,ADV,16,1,0.3667020105
4,VGG19,Height,ADV,16,2,0.36430878899999997
4,VGG19,Height,ADV,16,3,0.5413013034999999
4,VGG19,Height,ADV,16,4,0.24945957800000002
4,VGG19,Height,OOD,2,0,0.03900237
4,VGG19,Height,OOD,2,1,0.048255602499999994
4,VGG19,Height,OOD,2,2,0.047261918
4,VGG19,Height,OOD,2,3,0.0240729605
4,VGG19,Height,OOD,2,4,0.0706436475
4,VGG19,Height,OOD,4,0,0.132731947
4,VGG19,Height,OOD,4,1,0.12217610549999999
4,VGG19,Height,OOD,4,2,0.10755324499999999
4,VGG19,Height,OOD,4,3,0.11086727900000001
4,VGG19,Height,OOD,4,4,0.17486153899999998
4,VGG19,Height,OOD,8,0,0.1919686555
4,VGG19,Height,OOD,8,1,0.17196745000000002
4,VGG19,Height,OOD,8,2,0.159000865
4,VGG19,Height,OOD,8,3,0.189187526
4,VGG19,Height,OOD,8,4,0.203248737
4,VGG19,Height,OOD,16,0,0.2163719715
4,VGG19,Height,OOD,16,1,0.2210247905
4,VGG19,Height,OOD,16,2,0.2358205465
4,VGG19,Height,OOD,16,3,0.2241235495
4,VGG19,Height,OOD,16,4,0.22743877099999998
4,ResNet50,Ratio,IID,2,0,0.0172971485
4,ResNet50,Ratio,IID,2,1,0.02054823
4,ResNet50,Ratio,IID,2,2,0.020140728
4,ResNet50,Ratio,IID,2,3,0.0190317965
4,ResNet50,Ratio,IID,2,4,0.022509691499999998
4,ResNet50,Ratio,IID,4,0,0.023750302499999997
4,ResNet50,Ratio,IID,4,1,0.021883291500000002
4,ResNet50,Ratio,IID,4,2,0.025466343
4,ResNet50,Ratio,IID,4,3,0.0169319915
4,ResNet50,Ratio,IID,4,4,0.021181734
4,ResNet50,Ratio,IID,8,0,0.0207819505
4,ResNet50,Ratio,IID,8,1,0.0503084815
4,ResNet50,Ratio,IID,8,2,0.0220537775
4,ResNet50,Ratio,IID,8,3,0.068506938
4,ResNet50,Ratio,IID,8,4,0.045626043
4,ResNet50,Ratio,IID,16,0,0.15060077100000002
4,ResNet50,Ratio,IID,16,1,0.164352994
4,ResNet50,Ratio,IID,16,2,0.2349097495
4,ResNet50,Ratio,IID,16,3,0.1767639485
4,ResNet50,Ratio,IID,16,4,0.11674032250000001
4,ResNet50,Ratio,COV,2,0,0.016872639
4,ResNet50,Ratio,COV,2,1,0.019003188
4,ResNet50,Ratio,COV,2,2,0.021008576
4,ResNet50,Ratio,COV,2,3,0.0196448655
4,ResNet50,Ratio,COV,2,4,0.0188380775
4,ResNet50,Ratio,COV,4,0,0.025300852999999998
4,ResNet50,Ratio,COV,4,1,0.019482249
4,ResNet50,Ratio,COV,4,2,0.022579369
4,ResNet50,Ratio,COV,4,3,0.0180187825
4,ResNet50,Ratio,COV,4,4,0.0213889155
4,ResNet50,Ratio,COV,8,0,0.0237522775
4,ResNet50,Ratio,COV,8,1,0.0263399945
4,ResNet50,Ratio,COV,8,2,0.024582218
4,ResNet50,Ratio,COV,8,3,0.0215623935
4,ResNet50,Ratio,COV,8,4,0.032741917999999995
4,ResNet50,Ratio,COV,16,0,0.0971460005
4,ResNet50,Ratio,COV,16,1,0.1136152935
4,ResNet50,Ratio,COV,16,2,0.13377115850000001
4,ResNet50,Ratio,COV,16,3,0.121654784
4,ResNet50,Ratio,COV,16,4,0.1377270615
4,ResNet50,Ratio,ADV,2,0,0.038987418
4,ResNet50,Ratio,ADV,2,1,0.022281678500000002
4,ResNet50,Ratio,ADV,2,2,0.0234487465
4,ResNet50,Ratio,ADV,2,3,0.024122439
4,ResNet50,Ratio,ADV,2,4,0.027847995000000004
4,ResNet50,Ratio,ADV,4,0,0.168135815
4,ResNet50,Ratio,ADV,4,1,0.0421247935
4,ResNet50,Ratio,ADV,4,2,0.0973834105
4,ResNet50,Ratio,ADV,4,3,0.0652054525
4,ResNet50,Ratio,ADV,4,4,0.0357927845
4,ResNet50,Ratio,ADV,8,0,0.182177078
4,ResNet50,Ratio,ADV,8,1,0.12136390650000001
4,ResNet50,Ratio,ADV,8,2,0.1578048645
4,ResNet50,Ratio,ADV,8,3,0.204793808
4,ResNet50,Ratio,ADV,8,4,0.177730621
4,ResNet50,Ratio,ADV,16,0,0.5385312689999999
4,ResNet50,Ratio,ADV,16,1,0.196331646
4,ResNet50,Ratio,ADV,16,2,0.178003124
4,ResNet50,Ratio,ADV,16,3,0.3861317825
4,ResNet50,Ratio,ADV,16,4,0.2017865835
4,ResNet50,Ratio,OOD,2,0,0.045235457
4,ResNet50,Ratio,OOD,2,1,0.101286784
4,ResNet50,Ratio,OOD,2,2,0.0770378535
4,ResNet50,Ratio,OOD,2,3,0.074383661
4,ResNet50,Ratio,OOD,2,4,0.1895888175
4,ResNet50,Ratio,OOD,4,0,0.19850473600000001
4,ResNet50,Ratio,OOD,4,1,0.287187442
4,ResNet50,Ratio,OOD,4,2,0.22665796500000002
4,ResNet50,Ratio,OOD,4,3,0.2664454175
4,ResNet50,Ratio,OOD,4,4,0.399519531
4,ResNet50,Ratio,OOD,8,0,0.2764067745
4,ResNet50,Ratio,OOD,8,1,0.337912292
4,ResNet50,Ratio,OOD,8,2,0.3269964095
4,ResNet50,Ratio,OOD,8,3,0.338634824
4,ResNet50,Ratio,OOD,8,4,0.4454772615
4,ResNet50,Ratio,OOD,16,0,0.303261145
4,ResNet50,Ratio,OOD,16,1,0.38586694000000005
4,ResNet50,Ratio,OOD,16,2,0.37158189350000004
4,ResNet50,Ratio,OOD,16,3,0.38518991350000004
4,ResNet50,Ratio,OOD,16,4,0.49996931050000004
4,ResNet50,Height,IID,2,0,0.023883417
4,ResNet50,Height,IID,2,1,0.0369445265
4,ResNet50,Height,IID,2,2,0.088981709
4,ResNet50,Height,IID,2,3,0.023269559
4,ResNet50,Height,IID,2,4,0.022155371
4,ResNet50,Height,IID,4,0,0.028968059499999997
4,ResNet50,Height,IID,4,1,0.135537753
4,ResNet50,Height,IID,4,2,0.09982144
4,ResNet50,Height,IID,4,3,0.05400478349999999
4,ResNet50,Height,IID,4,4,0.032159162
4,ResNet50,Height,IID,8,0,0.08885303250000001
4,ResNet50,Height,IID,8,1,0.1362318575
4,ResNet50,Height,IID,8,2,0.17364673749999998
4,ResNet50,Height,IID,8,3,0.047886356
4,ResNet50,Height,IID,8,4,0.06251319200000001
4,ResNet50,Height,IID,16,0,0.11217703
4,ResNet50,Height,IID,16,1,0.14621816599999998
4,ResNet50,Height,IID,16,2,0.193192876
4,ResNet50,Height,IID,16,3,0.161980389
4,ResNet50,Height,IID,16,4,0.08751418300000001
4,ResNet50,Height,COV,2,0,0.0238216465
4,ResNet50,Height,COV,2,1,0.021004396
4,ResNet50,Height,COV,2,2,0.0297261575
4,ResNet50,Height,COV,2,3,0.021927708499999997
4,ResNet50,Height,COV,2,4,0.021709215999999996
4,ResNet50,Height,COV,4,0,0.0231852695
4,ResNet50,Height,COV,4,1,0.0268882635
4,ResNet50,Height,COV,4,2,0.0421543485
4,ResNet50,Height,COV,4,3,0.0369994865
4,ResNet50,Height,COV,4,4,0.029523848499999998
4,ResNet50,Height,COV,8,0,0.0491696885
4,ResNet50,Height,COV,8,1,0.0627292605
4,ResNet50,Height,COV,8,2,0.06346008
4,ResNet50,Height,COV,8,3,0.048174626
4,ResNet50,Height,COV,8,4,0.0400019285
4,ResNet50,Height,COV,16,0,0.101616442
4,ResNet50,Height,COV,16,1,0.09993897950000001
4,ResNet50,Height,COV,16,2,0.115861374
4,ResNet50,Height,COV,16,3,0.114710185
4,ResNet50,Height,COV,16,4,0.0919803785
4,ResNet50,Height,ADV,2,0,0.0390288515
4,ResNet50,Height,ADV,2,1,0.043267857
4,ResNet50,Height,ADV,2,2,0.137181892
4,ResNet50,Height,ADV,2,3,0.030959492999999998
4,ResNet50,Height,ADV,2,4,0.030419830000000002
4,ResNet50,Height,ADV,4,0,0.0507034315
4,ResNet50,Height,ADV,4,1,0.1317230545
4,ResNet50,Height,ADV,4,2,0.188733273
4,ResNet50,Height,ADV,4,3,0.11191345300000001
4,ResNet50,Height,ADV,4,4,0.100981243
4,ResNet50,Height,ADV,8,0,0.145259158
4,ResNet50,Height,ADV,8,1,0.23147898100000003
4,ResNet50,Height,ADV,8,2,0.2995114915
4,ResNet50,Height,ADV,8,3,0.281326093
4,ResNet50,Height,ADV,8,4,0.1479598885
4,ResNet50,Height,ADV,16,0,0.14849235249999998
4,ResNet50,Height,ADV,16,1,0.2750696805
4,ResNet50,Height,ADV,16,2,0.302538883
4,ResNet50,Height,ADV,16,3,0.3177574185
4,ResNet50,Height,ADV,16,4,0.274210974
4,ResNet50,Height,OOD,2,0,0.047866082
4,ResNet50,Height,OOD,2,1,0.077047753
4,ResNet50,Height,OOD,2,2,0.044905400500000005
4,ResNet50,Height,OOD,2,3,0.041548704
4,ResNet50,Height,OOD,2,4,0.09203613100000001
4,ResNet50,Height,OOD,4,0,0.1670058745
4,ResNet50,Height,OOD,4,1,0.15096029149999998
4,ResNet50,Height,OOD,4,2,0.12569443449999998
4,ResNet50,Height,OOD,4,3,0.135297463
4,ResNet50,Height,OOD,4,4,0.2036313285
4,ResNet50,Height,OOD,8,0,0.18367720099999998
4,ResNet50,Height,OOD,8,1,0.1701225465
4,ResNet50,Height,OOD,8,2,0.17427973400000002
4,ResNet50,Height,OOD,8,3,0.220129794
4,ResNet50,Height,OOD,8,4,0.2273743845
4,ResNet50,Height,OOD,16,0,0.2301617115
4,ResNet50,Height,OOD,16,1,0.2307940235
4,ResNet50,Height,OOD,16,2,0.23591244499999997
4,ResNet50,Height,OOD,16,3,0.2408680175
4,ResNet50,Height,OOD,16,4,0.24101485699999997
5,VGG19,Ratio,IID,2,0,0.0104675295
5,VGG19,Ratio,IID,2,1,0.0113540925
5,VGG19,Ratio,IID,2,2,0.0161127615
5,VGG19,Ratio,IID,2,3,0.015217047499999999
5,VGG19,Ratio,IID,2,4,0.015501186499999996
5,VGG19,Ratio,IID,4,0,0.0178020995
5,VGG19,Ratio,IID,4,1,0.01512337
5,VGG19,Ratio,IID,4,2,0.0193608915
5,VGG19,Ratio,IID,4,3,0.0112493465
5,VGG19,Ratio,IID,4,4,0.022773648
5,VGG19,Ratio,IID,8,0,0.0180485785
5,VGG19,Ratio,IID,8,1,0.036190573499999996
5,VGG19,Ratio,IID,8,2,0.023668421000000002
5,VGG19,Ratio,IID,8,3,0.030975192
5,VGG19,Ratio,IID,8,4,0.0525055085
5,VGG19,Ratio,IID,16,0,0.12134483250000001
5,VGG19,Ratio,IID,16,1,0.1201715555
5,VGG19,Ratio,IID,16,2,0.11744766649999999
5,VGG19,Ratio,IID,16,3,0.156262326
5,VGG19,Ratio,IID,16,4,0.081832326
5,VGG19,Ratio,COV,2,0,0.010513531499999998
5,VGG19,Ratio,COV,2,1,0.011917966
5,VGG19,Ratio,COV,2,2,0.012587064
5,VGG19,Ratio,COV,2,3,0.0116277085
5,VGG19,Ratio,COV,2,4,0.014407488999999999
5,VGG19,Ratio,COV,4,0,0.009098410999999999
5,VGG19,Ratio,COV,4,1,0.011487390500000002
5,VGG19,Ratio,COV,4,2,0.0168198265
5,VGG19,Ratio,COV,4,3,0.012710463
5,VGG19,Ratio,COV,4,4,0.0197024825
5,VGG19,Ratio,COV,8,0,0.014604314499999998
5,VGG19,Ratio,COV,8,1,0.019571214500000003
5,VGG19,Ratio,COV,8,2,0.019346489499999998
5,VGG19,Ratio,COV,8,3,0.012780087
5,VGG19,Ratio,COV,8,4,0.036861405
5,VGG19,Ratio,COV,16,0,0.0996138695
5,VGG19,Ratio,COV,16,1,0.0753834935
5,VGG19,Ratio,COV,16,2,0.12289470699999999
5,VGG19,Ratio,COV,16,3,0.11520482500000001
5,VGG19,Ratio,COV,16,4,0.173593265
5,VGG19,Ratio,ADV,2,0,0.023702960999999998
5,VGG19,Ratio,ADV,2,1,0.010608696999999999
5,VGG19,Ratio,ADV,2,2,0.0128777355
5,VGG19,Ratio,ADV,2,3,0.012629699999999999
5,VGG19,Ratio,ADV,2,4,0.021122088
5,VGG19,Ratio,ADV,4,0,0.1704848455
5,VGG19,Ratio,ADV,4,1,0.029891170999999998
5,VGG19,Ratio,ADV,4,2,0.063812751
5,VGG19,Ratio,ADV,4,3,0.0762198255
5,VGG19,Ratio,ADV,4,4,0.0281884765
5,VGG19,Ratio,ADV,8,0,0.17633979549999998
5,VGG19,Ratio,ADV,8,1,0.0830129045
5,VGG19,Ratio,ADV,8,2,0.0712364605
5,VGG19,Ratio,ADV,8,3,0.1289478885
5,VGG19,Ratio,ADV,8,4,0.156091414
5,VGG19,Ratio,ADV,16,0,0.215697221
5,VGG19,Ratio,ADV,16,1,0.172792355
5,VGG19,Ratio,ADV,16,2,0.1451671225
5,VGG19,Ratio,ADV,16,3,0.369565278
5,VGG19,Ratio,ADV,16,4,0.1793143335
5,VGG19,Ratio,OOD,2,0,0.03849633
5,VGG19,Ratio,OOD,2,1,0.08079388700000001
5,VGG19,Ratio,OOD,2,2,0.06570928300000001
5,VGG19,Ratio,OOD,2,3,0.0601447265
5,VGG19,Ratio,OOD,2,4,0.1336794955
5,VGG19,Ratio,OOD,4,0,0.152623974
5,VGG19,Ratio,OOD,4,1,0.21983286349999998
5,VGG19,Ratio,OOD,4,2,0.1794118815
5,VGG19,Ratio,OOD,4,3,0.21735566050000002
5,VGG19,Ratio,OOD,4,4,0.304522173
5,VGG19,Ratio,OOD,8,0,0.24327808399999998
5,VGG19,Ratio,OOD,8,1,0.3163544525
5,VGG19,Ratio,OOD,8,2,0.291291882
5,VGG19,Ratio,OOD,8,3,0.30427402400000003
5,VGG19,Ratio,OOD,8,4,0.385117655
5,VGG19,Ratio,OOD,16,0,0.28651563
5,VGG19,Ratio,OOD,16,1,0.376897278
5,VGG19,Ratio,OOD,16,2,0.3543290385
5,VGG19,Ratio,OOD,16,3,0.368147599
5,VGG19,Ratio,OOD,16,4,0.491298197
5,VGG19,Height,IID,2,0,0.014680874
5,VGG19,Height,IID,2,1,0.031498512
5,VGG19,Height,IID,2,2,0.07649051600000001
5,VGG19,Height,IID,2,3,0.012151012
5,VGG19,Height,IID,2,4,0.016554631
5,VGG19,Height,IID,4,0,0.026738169
5,VGG19,Height,IID,4,1,0.113666744
5,VGG19,Height,IID,4,2,0.097278312
5,VGG19,Height,IID,4,3,0.044003169
5,VGG19,Height,IID,4,4,0.039712412999999995
5,VGG19,Height,IID,8,0,0.072300556
5,VGG19,Height,IID,8,1,0.1131121165
5,VGG19,Height,IID,8,2,0.14909265800000002
5,VGG19,Height,IID,8,3,0.049733979
5,VGG19,Height,IID,8,4,0.059351595
5,VGG19,Height,IID,16,0,0.1146150195
5,VGG19,Height,IID,16,1,0.1388894505
5,VGG19,Height,IID,16,2,0.183733794
5,VGG19,Height,IID,16,3,0.14712662
5,VGG19,Height,IID,16,4,0.0990940865
5,VGG19,Height,COV,2,0,0.015470076499999999
5,VGG19,Height,COV,2,1,0.0175641135
5,VGG19,Height,COV,2,2,0.028434945999999996
5,VGG19,Height,COV,2,3,0.015684264999999996
5,VGG19,Height,COV,2,4,0.018424215999999997
5,VGG19,Height,COV,4,0,0.021810478
5,VGG19,Height,COV,4,1,0.021767491
5,VGG19,Height,COV,4,2,0.042689969
5,VGG19,Height,COV,4,3,0.032595259
5,VGG19,Height,COV,4,4,0.031116195
5,VGG19,Height,COV,8,0,0.0540455245
5,VGG19,Height,COV,8,1,0.063968336
5,VGG19,Height,COV,8,2,0.062808743
5,VGG19,Height,COV,8,3,0.046967382499999995
5,VGG19,Height,COV,8,4,0.034152003
5,VGG19,Height,COV,16,0,0.090809301
5,VGG19,Height,COV,16,1,0.10378704350000001
5,VGG19,Height,COV,16,2,0.12102642350000001
5,VGG19,Height,COV,16,3,0.099134901
5,VGG19,Height,COV,16,4,0.0736931155
5,VGG19,Height,ADV,2,0,0.0328196015
5,VGG19,Height,ADV,2,1,0.049955104
5,VGG19,Height,ADV,2,2,0.13051242500000002
5,VGG19,Height,ADV,2,3,0.0299843345
5,VGG19,Height,ADV,2,4,0.02152737
5,VGG19,Height,ADV,4,0,0.0427696795
5,VGG19,Height,ADV,4,1,0.1029241825
5,VGG19,Height,ADV,4,2,0.185391689
5,VGG19,Height,ADV,4,3,0.083752187
5,VGG19,Height,ADV,4,4,0.06927515499999999
5,VGG19,Height,ADV,8,0,0.1245261035
5,VGG19,Height,ADV,8,1,0.185956488
5,VGG19,Height,ADV,8,2,0.26797982000000004
5,VGG19,Height,ADV,8,3,0.33767520250000005
5,VGG19,Height,ADV,8,4,0.0926275555
5,VGG19,Height,ADV,16,0,0.13493398099999998
5,VGG19,Height,ADV,16,1,0.23806642649999998
5,VGG19,Height,ADV,16,2,0.249471537
5,VGG19,Height,ADV,16,3,0.39359153500000005
5,VGG19,Height,ADV,16,4,0.2919153015
5,VGG19,Height,OOD,2,0,0.06907634900000001
5,VGG19,Height,OOD,2,1,0.112890497
5,VGG19,Height,OOD,2,2,0.07102997400000001
5,VGG19,Height,OOD,2,3,0.049354017
5,VGG19,Height,OOD,2,4,0.182383773
5,VGG19,Height,OOD,4,0,0.21544754800000002
5,VGG19,Height,OOD,4,1,0.22702464249999998
5,VGG19,Height,OOD,4,2,0.20968551349999998
5,VGG19,Height,OOD,4,3,0.1530183175
5,VGG19,Height,OOD,4,4,0.2608088105
5,VGG19,Height,OOD,8,0,0.219258683
5,VGG19,Height,OOD,8,1,0.2827783845
5,VGG19,Height,OOD,8,2,0.206148147
5,VGG19,Height,OOD,8,3,0.22582014549999999
5,VGG19,Height,OOD,8,4,0.283790099
5,VGG19,Height,OOD,16,0,0.2846943665
5,VGG19,Height,OOD,16,1,0.315990642
5,VGG19,Height,OOD,16,2,0.2580596865
5,VGG19,Height,OOD,16,3,0.2667952405
5,VGG19,Height,OOD,16,4,0.35852291799999997
5,ResNet50,Ratio,IID,2,0,0.019703501
5,ResNet50,Ratio,IID,2,1,0.0238912935
5,ResNet50,Ratio,IID,2,2,0.0242691505
5,ResNet50,Ratio,IID,2,3,0.021334677
5,ResNet50,Ratio,IID,2,4,0.0259562405
5,ResNet50,Ratio,IID,4,0,0.031085375499999998
5,ResNet50,Ratio,IID,4,1,0.022951837500000002
5,ResNet50,Ratio,IID,4,2,0.032962683500000006
5,ResNet50,Ratio,IID,4,3,0.0232642925
5,ResNet50,Ratio,IID,4,4,0.0314231595
5,ResNet50,Ratio,IID,8,0,0.0344889945
5,ResNet50,Ratio,IID,8,1,0.069648754
5,ResNet50,Ratio,IID,8,2,0.0335323055
5,ResNet50,Ratio,IID,8,3,0.06298706750000001
5,ResNet50,Ratio,IID,8,4,0.0716278165
5,ResNet50,Ratio,IID,16,0,0.14880136949999997
5,ResNet50,Ratio,IID,16,1,0.15328642299999998
5,ResNet50,Ratio,IID,16,2,0.15185138199999998
5,ResNet50,Ratio,IID,16,3,0.196718165
5,ResNet50,Ratio,IID,16,4,0.13392185099999998
5,ResNet50,Ratio,COV,2,0,0.022596908
5,ResNet50,Ratio,COV,2,1,0.021513010500000002
5,ResNet50,Ratio,COV,2,2,0.021446571499999997
5,ResNet50,Ratio,COV,2,3,0.0194448575
5,ResNet50,Ratio,COV,2,4,0.0272225635
5,ResNet50,Ratio,COV,4,0,0.019146759
5,ResNet50,Ratio,COV,4,1,0.021657919
5,ResNet50,Ratio,COV,4,2,0.0258454225
5,ResNet50,Ratio,COV,4,3,0.023024562000000002
5,ResNet50,Ratio,COV,4,4,0.028418018
5,ResNet50,Ratio,COV,8,0,0.027538629
5,ResNet50,Ratio,COV,8,1,0.030386173500000002
5,ResNet50,Ratio,COV,8,2,0.036232764
5,ResNet50,Ratio,COV,8,3,0.024266171
5,ResNet50,Ratio,COV,8,4,0.048562702
5,ResNet50,Ratio,COV,16,0,0.094570038
5,ResNet50,Ratio,COV,16,1,0.1048331045
5,ResNet50,Ratio,COV,16,2,0.170913518
5,ResNet50,Ratio,COV,16,3,0.114886731
5,ResNet50,Ratio,COV,16,4,0.184011606
5,ResNet50,Ratio,ADV,2,0,0.043015564
5,ResNet50,Ratio,ADV,2,1,0.020761493000000002
5,ResNet50,Ratio,ADV,2,2,0.026770308
5,ResNet50,Ratio,ADV,2,3,0.0264853635
5,ResNet50,Ratio,ADV,2,4,0.027068986
5,ResNet50,Ratio,ADV,4,0,0.21230687750000002
5,ResNet50,Ratio,ADV,4,1,0.057728402500000005
5,ResNet50,Ratio,ADV,4,2,0.123883151
5,ResNet50,Ratio,ADV,4,3,0.1064853585
5,ResNet50,Ratio,ADV,4,4,0.0551251495
5,ResNet50,Ratio,ADV,8,0,0.218393347
5,ResNet50,Ratio,ADV,8,1,0.134168324
5,ResNet50,Ratio,ADV,8,2,0.128463627
5,ResNet50,Ratio,ADV,8,3,0.1706514635
5,ResNet50,Ratio,ADV,8,4,0.1869768735
5,ResNet50,Ratio,ADV,16,0,0.24303982000000002
5,ResNet50,Ratio,ADV,16,1,0.1959984905
5,ResNet50,Ratio,ADV,16,2,0.1607118575
5,ResNet50,Ratio,ADV,16,3,0.379853832
5,ResNet50,Ratio,ADV,16,4,0.19871507549999998
5,ResNet50,Ratio,OOD,2,0,0.055871257
5,ResNet50,Ratio,OOD,2,1,0.11198611900000001
5,ResNet50,Ratio,OOD,2,2,0.0720827135
5,ResNet50,Ratio,OOD,2,3,0.075291041
5,ResNet50,Ratio,OOD,2,4,0.176046507
5,ResNet50,Ratio,OOD,4,0,0.17115136749999998
5,ResNet50,Ratio,OOD,4,1,0.256610143
5,ResNet50,Ratio,OOD,4,2,0.19487868049999998
5,ResNet50,Ratio,OOD,4,3,0.2500245465
5,ResNet50,Ratio,OOD,4,4,0.3370372485
5,ResNet50,Ratio,OOD,8,0,0.2548563205
5,ResNet50,Ratio,OOD,8,1,0.3336216315
5,ResNet50,Ratio,OOD,8,2,0.31687683
5,ResNet50,Ratio,OOD,8,3,0.3177907765
5,ResNet50,Ratio,OOD,8,4,0.42002893199999997
5,ResNet50,Ratio,OOD,16,0,0.300132573
5,ResNet50,Ratio,OOD,16,1,0.388123236
5,ResNet50,Ratio,OOD,16,2,0.3684037455
5,ResNet50,Ratio,OOD,16,3,0.3818233375
5,ResNet50,Ratio,OOD,16,4,0.5018338085
5,ResNet50,Height,IID,2,0,0.02490629
5,ResNet50,Height,IID,2,1,0.0499284115
5,ResNet50,Height,IID,2,2,0.0982678595
5,ResNet50,Height,IID,2,3,0.0240235335
5,ResNet50,Height,IID,2,4,0.023756577
5,ResNet50,Height,IID,4,0,0.034589855
5,ResNet50,Height,IID,4,1,0.111877241
5,ResNet50,Height,IID,4,2,0.104737983
5,ResNet50,Height,IID,4,3,0.058826672499999996
5,ResNet50,Height,IID,4,4,0.033546839999999994
5,ResNet50,Height,IID,8,0,0.132031007
5,ResNet50,Height,IID,8,1,0.1221919785
5,ResNet50,Height,IID,8,2,0.1611039785
5,ResNet50,Height,IID,8,3,0.064036518
5,ResNet50,Height,IID,8,4,0.069382633
5,ResNet50,Height,IID,16,0,0.15089569149999998
5,ResNet50,Height,IID,16,1,0.1571330215
5,ResNet50,Height,IID,16,2,0.18473643950000002
5,ResNet50,Height,IID,16,3,0.16413523800000002
5,ResNet50,Height,IID,16,4,0.1430399105
5,ResNet50,Height,COV,2,0,0.023274857500000003
5,ResNet50,Height,COV,2,1,0.027777541500000003
5,ResNet50,Height,COV,2,2,0.035741960499999996
5,ResNet50,Height,COV,2,3,0.022857739
5,ResNet50,Height,COV,2,4,0.0221521425
5,ResNet50,Height,COV,4,0,0.026953049
5,ResNet50,Height,COV,4,1,0.032231024999999996
5,ResNet50,Height,COV,4,2,0.0458946035
5,ResNet50,Height,COV,4,3,0.040627740999999995
5,ResNet50,Height,COV,4,4,0.033166613
5,ResNet50,Height,COV,8,0,0.0697237205
5,ResNet50,Height,COV,8,1,0.066104787
5,ResNet50,Height,COV,8,2,0.0829305015
5,ResNet50,Height,COV,8,3,0.052317857
5,ResNet50,Height,COV,8,4,0.045710153
5,ResNet50,Height,COV,16,0,0.105788367
5,ResNet50,Height,COV,16,1,0.10934726049999999
5,ResNet50,Height,COV,16,2,0.143772488
5,ResNet50,Height,COV,16,3,0.12976715349999998
5,ResNet50,Height,COV,16,4,0.105809482
5,ResNet50,Height,ADV,2,0,0.040747697
5,ResNet50,Height,ADV,2,1,0.0572777765
5,ResNet50,Height,ADV,2,2,0.131208814
5,ResNet50,Height,ADV,2,3,0.039657342
5,ResNet50,Height,ADV,2,4,0.036781837000000005
5,ResNet50,Height,ADV,4,0,0.057821767
5,ResNet50,Height,ADV,4,1,0.1333223385
5,ResNet50,Height,ADV,4,2,0.1823813645
5,ResNet50,Height,ADV,4,3,0.1105204145
5,ResNet50,Height,ADV,4,4,0.10430678049999999
5,ResNet50,Height,ADV,8,0,0.1518484985
5,ResNet50,Height,ADV,8,1,0.23637795099999998
5,ResNet50,Height,ADV,8,2,0.28788532
5,ResNet50,Height,ADV,8,3,0.3880862645
5,ResNet50,Height,ADV,8,4,0.168577882
5,ResNet50,Height,ADV,16,0,0.1819924025
5,ResNet50,Height,ADV,16,1,0.348399958
5,ResNet50,Height,ADV,16,2,0.332511132
5,ResNet50,Height,ADV,16,3,0.39763374199999996
5,ResNet50,Height,ADV,16,4,0.2591599395
5,ResNet50,Height,OOD,2,0,0.12481444300000001
5,ResNet50,Height,OOD,2,1,0.17147523
5,ResNet50,Height,OOD,2,2,0.092368773
5,ResNet50,Height,OOD,2,3,0.071173707
5,ResNet50,Height,OOD,2,4,0.229931233
5,ResNet50,Height,OOD,4,0,0.2845851235
5,ResNet50,Height,OOD,4,1,0.2896943785
5,ResNet50,Height,OOD,4,2,0.188576106
5,ResNet50,Height,OOD,4,3,0.177482422
5,ResNet50,Height,OOD,4,4,0.37852160949999997
5,ResNet50,Height,OOD,8,0,0.288535527
5,ResNet50,Height,OOD,8,1,0.299391775
5,ResNet50,Height,OOD,8,2,0.246939878
5,ResNet50,Height,OOD,8,3,0.262066192
5,ResNet50,Height,OOD,8,4,0.3258462565
5,ResNet50,Height,OOD,16,0,0.282802117
5,ResNet50,Height,OOD,16,1,0.3142837395
5,ResNet50,Height,OOD,16,2,0.24773898749999998
5,ResNet50,Height,OOD,16,3,0.3068273605
5,ResNet50,Height,OOD,16,4,0.34072955699999996
